TGAC,HER2,r*
CTGA,VIM,g*
ATGC,KI-67,ro
ATCG,STK,go
AGTC,BIRC5,bo
AGCT,CCNB1,co
ACTG,MYBL2,mo
ACGT,ST-3,yo
TAGC,CTSL2,m+
TACG,GRB7,g+
TGCA,ER,y*
TCAG,PR,b+
TCGA,GSTM1,md
GATC,BAG1,rd
GACT,CD68,gd
GTAC,BCL2,bd
GTCA,SCUBE2,cd
GCAT,ACTB,y+
GCTA,GAPDH,yd
CATG,RPLP0,m*
CAGT,GUS,c*
CTAG,TFRC,b*
CGAT,VEGF,m+
CGTA,MYC,c+
AAGT,MET,rs
AAGG,Oct-04,gs
AAGC,NANOG,bs
AACA,SOX2,cs
AACT,KLF4,ms
AACG,TP53,ys
AACC,EPCAM,r.
ATAA,CCND1,g.
ATAT,MUC1,b.
ATAG,RAC1,c.
ATAC,COX2,m.
ATTA,HOXB7,y.
ATTT,ATB1,gp
ATTG,ETV4,rp
ATTC,SIX1,bp
